Motif,Mechanism_2cat,Mechanism_3cat,Family_ID,MIC_individual,MIC_mean_in_comb,CV_in_comb,Score_nolinker,Score_GGG,Score_AAA,Best_linker,Best_partner_motif,Best_combo_MIC,Best_combo_delta,Best_combo_sequence,Order_preference,n_pipelines,Pipelines_str,Composite_rank
KLLKKLLKLL,Carpet,Carpet,FAM_101,17.58,34.55,77.4,61.29,73.56,70.06,No_linker,KLLKKLLK,5.04,-17.86,KLLKKLLKKLLKKLLKLL,No_preference,1,mmseqs_meme,1.17
KLLKKLLK,Carpet,Carpet,FAM_101,28.23,53.57,62.8,87.21,92.85,87.9,No_linker,KLLKKLLKLL,5.04,-17.86,KLLKKLLKKLLKKLLKLL,No_preference,1,cdhit_meme,4.17
LKKLLKKLKK,Carpet,Carpet,FAM_101,23.48,51.72,57.7,81.56,88.71,84.4,No_linker,LGLLGKLL,6.57,-31.32,LKKLLKKLKKLGLLGKLL,No_preference,1,cdhit_streme,5.33
LKLLLKL,Carpet,Carpet,FAM_102,21.56,54.42,69.0,91.97,99.92,97.94,No_linker,ARLLRRLAR,6.2,-26.09,ARLLRRLARLKLLLKL,Position_2,1,mmseqs_meme,5.67
ARLLRRLAR,Carpet,Carpet,FAM_009,43.03,62.63,57.1,98.39,104.28,102.78,No_linker,KLLKKLLKLL,5.42,-24.89,KLLKKLLKLLARLLRRLAR,No_preference,1,mmseqs_streme,9.33
WKKJKKLAKK,Carpet,Carpet,FAM_137,17.59,59.43,52.6,90.69,96.25,90.0,AAA,LGLLGKLL,9.5,-25.44,WKKKKLAKKLGLLGKLL,No_preference,1,mmseqs_meme,11.0
LGLLGKLL,Pore,Toroidal_pore,FAM_102,52.3,62.25,63.9,102.03,113.31,111.27,No_linker,KLLKKLLK,5.23,-35.03,KLLKKLLKLGLLGKLL,Position_2,1,cdhit_meme,13.33
WKKJYKLAKK,Carpet,Carpet,FAM_137,44.39,59.81,52.5,91.21,98.84,92.2,No_linker,RIRVAVIRA,8.9,-64.46,RIRVAVIRAWKKYKLAKK,No_preference,1,cdhit_meme,13.67
KKLLKKLC,Carpet,Carpet,FAM_101,48.12,63.84,52.6,97.42,106.38,100.14,No_linker,KLLKKLLKLL,6.64,-26.21,KKLLKKLCKLLKKLLKLL,No_preference,1,mmseqs_streme,14.0
WKLFKKJ,Carpet,Carpet,FAM_089,30.1,65.16,55.9,101.58,109.09,100.31,AAA,RIRVAVIRA,9.08,-57.14,RIRVAVIRAWKLFKK,No_preference,1,mmseqs_meme,14.67
LKLKLK,Carpet,Carpet,FAM_102,37.13,73.25,53.6,112.51,116.64,111.8,AAA,KLLKKLLKLL,6.95,-20.41,LKLKLKKLLKKLLKLL,No_preference,1,mmseqs_streme,14.67
WKKWKKKW,Carpet,Carpet,FAM_137,24.79,61.51,53.4,94.36,105.79,94.81,No_linker,LKLLLKL,10.54,-12.64,WKKWKKKWLKLLLKL,No_preference,1,cdhit_meme,15.0
KKLFKKKK,Carpet,Carpet,FAM_089,57.69,72.63,49.0,108.22,108.33,101.7,AAA,KLLKKLLKLL,7.3,-30.33,KKLFKKKKKLLKKLLKLL,Position_1,1,mmseqs_meme,19.67
FFKKIKKKIKKIGK,Carpet,Carpet,FAM_202,36.04,51.18,44.9,74.16,83.97,79.75,No_linker,RRWWCL,16.74,-54.39,RRWWCLFFKKIKKKIKKIGK,No_preference,1,mmseqs_meme,20.0
RKKWFW,Pore,Toroidal_pore,FAM_121,69.44,65.84,57.3,103.57,111.78,101.69,AAA,LKLLLKL,8.2,-37.3,RKKWFWLKLLLKL,Position_1,1,mmseqs_meme,22.17
WRWWRRW,Carpet,Carpet,FAM_137,70.83,69.16,53.0,105.81,114.6,107.36,No_linker,KLLKKLLKLL,7.71,-36.49,KLLKKLLKLLWRWWRRW,Position_1,1,mmseqs_meme,23.0
KIRVRL,Carpet,Carpet,FAM_087,85.96,68.39,56.1,106.76,109.95,106.65,AAA,KLLKKLLKLL,6.26,-45.51,KLLKKLLKLLKIRVRL,No_preference,1,mmseqs_streme,23.0
BLKELASLI,Carpet,Carpet,FAM_015,29.4,87.03,47.5,128.37,135.62,133.95,No_linker,KLLKKLLKLL,8.72,-14.77,LKELASLIKLLKKLLKLL,Position_2,1,mmseqs_meme,23.33
FLPILKGLLKGL,Carpet,Carpet,FAM_102,63.84,59.77,52.1,90.91,98.81,96.72,No_linker,KLLKKLLK,11.41,-34.63,KLLKKLLKFLPILKGLLKGL,Position_2,1,mmseqs_streme,24.0
WWWRWV,Pore,Toroidal_pore,FAM_140,59.35,74.75,53.4,114.67,125.13,118.54,No_linker,KLLKKLLK,8.74,-35.05,KLLKKLLKWWWRWV,No_preference,1,cdhit_meme,24.0
IRVAVIR,Carpet,Carpet,FAM_078,69.77,76.82,51.2,116.15,122.85,120.99,No_linker,KLLKKLLKLL,6.7,-36.98,IRVAVIRKLLKKLLKLL,No_preference,1,mmseqs_meme,24.33
LGKLJKKAAK,Carpet,Carpet,FAM_102,47.15,82.85,44.6,119.8,122.54,120.55,No_linker,KLLKKLLKLL,8.98,-23.38,LGKLKKAAKKLLKKLLKLL,Position_2,1,cdhit_meme,24.33
GIJKKI,Carpet,Carpet,FAM_060,45.92,88.55,43.7,127.25,128.13,126.4,AAA,KLLKKLLKLL,8.2,-23.55,KLLKKLLKLLGIKKI,No_preference,1,cdhit_streme,25.17
KHFIHRF,Carpet,Carpet,FAM_049,43.42,77.65,45.5,112.98,118.33,112.87,AAA,KLLKKLLKLL,14.74,-15.76,KLLKKLLKLLKHFIHRF,No_preference,1,mmseqs_streme,26.67
RRRRWRR,Carpet,Carpet,FAM_123,54.28,73.54,45.5,107.0,101.62,100.06,AAA,KLLKKLLKLL,13.94,-21.99,KLLKKLLKLLRRRRWRR,Position_1,1,cdhit_streme,27.67
LLKAAGKVLAKIJGG,Pore,Toroidal_pore,FAM_200,83.28,68.88,53.2,105.52,112.0,110.51,No_linker,KLLKKLLK,10.14,-45.61,KLLKKLLKLLKAAGKVLAKIGG,Position_2,1,mmseqs_meme,28.0
RIRVAVIRA,Carpet,Carpet,FAM_078,102.33,69.81,53.9,107.44,113.84,112.39,No_linker,LKLLLKL,6.56,-55.39,RIRVAVIRALKLLLKL,Position_1,1,mmseqs_streme,28.0
KKJKDFLKK,Carpet,Carpet,FAM_137,45.13,87.97,40.9,123.95,126.81,121.99,AAA,KLLKKLLKLL,13.1,-18.25,KKKDFLKKKLLKKLLKLL,Position_1,1,cdhit_meme,30.0
IKHYLPRL,Carpet,Carpet,FAM_072,45.63,86.51,39.7,120.85,121.93,121.79,No_linker,KLLKKLLKLL,14.61,-17.0,KLLKKLLKLLIKHYLPRL,Position_2,1,mmseqs_meme,31.0
KKVGKKVAKAVAK,Carpet,Carpet,FAM_089,67.44,78.29,43.6,112.42,119.24,114.69,No_linker,RKKWFW,12.23,-56.21,RKKWFWKKVGKKVAKAVAK,No_preference,1,cdhit_meme,31.0
FLGAJLKLAAKVLPKIICKI,Pore,Toroidal_pore,FAM_200,92.92,55.15,45.2,80.08,89.61,89.35,No_linker,KLLKKLLK,14.56,-46.01,KLLKKLLKFLGALKLAAKVLPKIICKI,No_preference,1,cdhit_meme,31.67
LKKJGKKIK,Carpet,Carpet,FAM_100,66.56,89.76,40.5,126.11,121.51,119.51,AAA,KLLKKLLKLL,8.99,-33.08,LKKGKKIKKLLKKLLKLL,No_preference,1,mmseqs_meme,32.33
GLRRLG,Carpet,Carpet,FAM_062,62.91,91.37,39.1,127.1,126.34,127.88,GGG,KLLKKLLKLL,9.94,-30.3,GLRRLGKLLKKLLKLL,No_preference,1,mmseqs_streme,33.0
LLQLLK,Carpet,Carpet,FAM_103,39.1,90.66,41.1,127.92,128.89,127.6,AAA,LGLLGKLL,15.69,-30.01,LLQLLKLGLLGKLL,No_preference,1,cdhit_streme,34.5
FIKHFIHR,Carpet,Carpet,FAM_049,46.27,81.89,43.3,117.35,122.54,116.19,AAA,KIRVRL,18.99,-47.12,KIRVRLFIKHFIHR,Position_2,1,cdhit_streme,34.67
LGALIK,Carpet,Carpet,FAM_096,91.76,82.53,47.3,121.57,127.89,125.24,No_linker,KLLKKLLKLL,8.96,-45.71,LGALIKKLLKKLLKLL,Position_2,1,mmseqs_streme,35.33
RRWWCL,Pore,Toroidal_pore,FAM_124,106.22,80.82,48.2,119.78,128.21,124.16,No_linker,KLLKKLLKLL,10.31,-51.59,RRWWCLKLLKKLLKLL,Position_1,1,mmseqs_streme,40.67
RRRRRR,Pore,Toroidal_pore,FAM_123,57.24,92.95,35.3,125.76,114.66,117.32,GGG,FLGAJLKLAAKVLPKIICKI,19.03,-56.05,RRRRRRFLGALKLAAKVLPKIICKI,Position_1,1,mmseqs_streme,41.33
LIIFRILIS,Carpet,Carpet,FAM_099,117.27,76.85,54.8,118.96,123.24,122.81,No_linker,KKLFKKKK,9.24,-78.24,KKLFKKKKLIIFRILIS,Position_1,1,mmseqs_streme,44.33
RRPIGRGJ,Carpet,Carpet,FAM_122,47.66,100.58,30.4,131.16,127.93,128.74,GGG,KLLKKLLKLL,20.58,-12.04,RRPIGRGKLLKKLLKLL,Position_1,1,cdhit_meme,45.33
WQRNIRKV,Carpet,Carpet,FAM_139,94.73,84.55,39.1,117.61,117.9,116.15,AAA,KLLKKLLKLL,18.95,-37.21,KLLKKLLKLLWQRNIRKV,Position_1,1,mmseqs_streme,46.0
HFLLTL,Pore,Toroidal_pore,FAM_069,59.31,97.32,38.5,134.79,137.5,136.31,No_linker,KLLKKLLK,17.79,-25.98,KLLKKLLKHFLLTL,Position_2,1,mmseqs_streme,46.33
GLLEAL,Carpet,Carpet,FAM_061,87.94,101.93,33.7,136.28,140.46,140.44,No_linker,KLLKKLLKLL,12.12,-40.64,KLLKKLLKLLGLLEAL,No_preference,1,mmseqs_streme,47.67
NLKAJAA,Carpet,Carpet,FAM_110,47.36,109.01,31.0,142.8,140.11,137.7,AAA,KLLKKLLKLL,10.58,-21.89,NLKAAAKLLKKLLKLL,No_preference,1,mmseqs_streme,48.0
FLPLLAGLAAKLLP,Pore,Toroidal_pore,FAM_102,107.6,82.9,43.8,119.21,123.55,121.25,No_linker,KLLKKLLK,20.46,-47.45,KLLKKLLKFLPLLAGLAAKLLP,No_preference,1,mmseqs_meme,52.0
DWVRWI,Pore,Toroidal_pore,FAM_029,113.61,91.81,42.7,131.01,138.26,134.87,No_linker,KLLKKLLKLL,13.54,-52.05,DWVRWIKLLKKLLKLL,Position_1,1,mmseqs_streme,52.67
KEWIRR,Carpet,Carpet,FAM_085,126.46,84.51,43.9,121.61,124.56,118.96,AAA,LKLLLKL,10.51,-63.5,KEWIRRLKLLLKL,Position_1,1,mmseqs_streme,53.33
AGKLLDKLKCKJTK,Carpet,Carpet,FAM_003,115.56,87.11,33.7,116.47,121.39,120.02,No_linker,RKKWFW,24.71,-67.79,RKKWFWAGKLLDKLKCKTK,No_preference,1,mmseqs_meme,55.67
VLGVVGNGL,Carpet,Carpet,FAM_207,88.35,104.24,34.0,139.68,141.15,142.05,No_linker,KLLKKLLKLL,16.91,-36.05,VLGVVGNGLKLLKKLLKLL,Position_2,1,mmseqs_meme,57.0
IVKAVAKYGPKAVV,Carpet,Carpet,FAM_080,102.49,98.5,30.5,128.54,131.24,128.41,AAA,RKKWFW,24.57,-61.39,RKKWFWIVKAVAKYGPKAVV,Position_2,1,mmseqs_meme,57.33
FLPLLL,Pore,Barrel_stave,FAM_046,110.49,98.57,37.5,135.53,138.53,138.08,No_linker,KLLKKLLK,15.04,-54.32,KLLKKLLKFLPLLL,Position_2,1,mmseqs_streme,57.33
AGYLLG,Carpet,Carpet,FAM_005,66.11,112.3,25.4,140.82,141.73,142.62,No_linker,KLLKKLLKLL,21.36,-20.48,AGYLLGKLLKKLLKLL,No_preference,1,mmseqs_streme,59.0
AKQLLES,Carpet,Carpet,FAM_007,81.91,115.58,22.9,142.05,141.92,141.59,AAA,KLLKKLLKLL,17.66,-32.09,AKQLLESKLLKKLLKLL,No_preference,1,cdhit_streme,59.33
PPPPPPPPPRPPPPP,Carpet,Carpet,FAM_117,85.8,107.0,21.3,129.79,130.95,132.13,No_linker,KLLKKLLKLL,39.58,-12.11,KLLKKLLKLLPPPPPPPPPRPPPPP,No_preference,1,mmseqs_meme,59.67
FLPLLAGL,Pore,Toroidal_pore,FAM_046,95.13,101.58,35.1,137.23,140.07,139.86,No_linker,KLLKKLLKLL,19.52,-36.84,KLLKKLLKLLFLPLLAGL,Position_2,1,cdhit_streme,59.67
KKKRRR,Carpet,Carpet,FAM_084,112.17,102.67,33.1,136.65,126.52,126.13,AAA,FLGAJLKLAAKVLPKIICKI,17.45,-85.1,KKKRRRFLGALKLAAKVLPKIICKI,Position_1,1,mmseqs_meme,61.0
KEKKREKERKERKR,Carpet,Carpet,FAM_084,99.69,104.48,23.0,128.51,127.34,128.3,GGG,LIIFRILIS,39.2,-69.28,KEKKREKERKERKRLIIFRILIS,Position_1,1,cdhit_meme,62.0
QQHLLQLTVWGIKQLQA,Carpet,Carpet,FAM_104,115.79,91.91,30.5,119.94,122.49,123.14,No_linker,KLLKKLLKLL,33.68,-33.01,KLLKKLLKLLQQHLLQLTVWGIKQLQA,No_preference,1,mmseqs_streme,62.33
LQLTVWG,Carpet,Carpet,FAM_104,89.87,110.15,28.7,141.76,142.21,142.33,No_linker,KLLKKLLKLL,18.75,-34.97,LQLTVWGKLLKKLLKLL,No_preference,1,cdhit_streme,62.33
VLSKLGBVIEEI,Carpet,Carpet,FAM_210,126.03,92.43,40.8,130.14,135.6,136.42,No_linker,KLLKKLLK,15.69,-61.44,KLLKKLLKVLSKLGVIEEI,Position_2,1,cdhit_meme,62.83
KVVAATY,Carpet,Carpet,FAM_093,114.1,104.05,32.0,137.35,140.56,137.25,AAA,KLLKKLLKLL,16.96,-48.88,KVVAATYKLLKKLLKLL,No_preference,1,mmseqs_meme,63.33
IJFLSLFLVV,Pore,Barrel_stave,FAM_203,138.03,90.05,45.7,131.2,138.58,137.04,No_linker,KKLFKKKK,7.67,-90.19,KKLFKKKKIFLSLFLVV,No_preference,1,cdhit_streme,64.67
GALGNL,Carpet,Carpet,FAM_051,119.17,110.36,27.3,140.49,141.52,142.48,No_linker,KLLKKLLKLL,12.19,-56.18,KLLKKLLKLLGALGNL,No_preference,1,mmseqs_streme,65.33
PPPRPPPPPPPRPPP,Carpet,Carpet,FAM_117,119.43,98.46,26.3,124.35,126.5,128.16,No_linker,KLLKKLLKLL,28.71,-39.8,KLLKKLLKLLPPPRPPPPPPPRPPP,No_preference,1,cdhit_meme,65.33
KKIEEYTK,Carpet,Carpet,FAM_086,116.91,105.57,29.8,137.03,136.73,136.12,AAA,KLLKKLLKLL,18.43,-48.82,KKIEEYTKKLLKKLLKLL,Position_1,1,mmseqs_streme,65.67
CRRRGGYCRFXPCPFCPF,Carpet,Carpet,FAM_023,108.05,102.25,25.0,127.81,128.13,128.2,No_linker,FFKKIKKKIKKIGK,45.32,-26.73,CRRRGGYCRFPCPFCPFFFKKIKKKIKKIGK,Position_1,1,cdhit_meme,67.0
WQRNJRKV,Carpet,Carpet,FAM_139,118.7,100.18,31.1,131.34,127.11,125.31,AAA,KLLKKLLKLL,24.83,-43.31,KLLKKLLKLLWQRNRKV,Position_1,1,mmseqs_meme,67.67
KVVAATYVLV,Carpet,Carpet,FAM_093,119.74,99.06,33.9,132.64,137.97,134.21,No_linker,WKKJKKLAKK,23.27,-45.4,KVVAATYVLVWKKKKLAKK,Position_2,1,mmseqs_streme,68.0
RKKCKKNE,Carpet,Carpet,FAM_067,105.54,111.83,26.0,140.91,135.97,133.82,AAA,FLGAJLKLAAKVLPKIICKI,25.56,-73.67,RKKCKKNEFLGALKLAAKVLPKIICKI,Position_1,1,mmseqs_meme,70.67
GIASSJ,Carpet,Carpet,FAM_058,109.09,121.05,19.8,145.02,144.87,144.89,GGG,KLLKKLLKLL,13.63,-49.71,GIASSKLLKKLLKLL,No_preference,1,mmseqs_streme,70.67
MFTMKK,Carpet,Carpet,FAM_108,130.17,103.36,31.6,136.02,138.62,135.04,AAA,KIRVRL,19.1,-88.96,KIRVRLMFTMKK,No_preference,1,mmseqs_streme,74.0
LILLLLLFLVLILLS,Pore,Barrel_stave,FAM_204,136.67,101.23,33.1,134.74,136.12,136.17,No_linker,KKLFKKKK,14.96,-82.22,KKLFKKKKLILLLLLFLVLILLS,No_preference,1,cdhit_meme,74.0
ARNIYNVC,Carpet,Carpet,FAM_010,113.78,111.77,25.3,140.05,140.18,140.55,No_linker,FFKKIKKKIKKIGK,32.19,-42.72,ARNIYNVCFFKKIKKKIKKIGK,Position_2,1,mmseqs_streme,74.67
FLYLLJJFLSLFL,Pore,Toroidal_pore,FAM_132,141.12,99.05,37.2,135.9,138.51,137.72,No_linker,KKLFKKKK,10.63,-88.78,KKLFKKKKFLYLLFLSLFL,No_preference,1,mmseqs_streme,76.0
GCKIKGEC,Carpet,Carpet,FAM_052,121.93,113.98,21.3,138.26,139.11,139.21,No_linker,KLLKKLLKLL,28.96,-40.8,GCKIKGECKLLKKLLKLL,Position_1,1,cdhit_streme,77.67
CPWNARQIGT,Carpet,Carpet,FAM_022,103.24,118.8,20.5,143.15,140.47,141.07,GGG,KLLKKLLKLL,35.3,-25.11,CPWNARQIGTKLLKKLLKLL,Position_1,1,mmseqs_meme,78.33
GJLSGJLGAGKNJVC,Carpet,Carpet,FAM_206,116.43,113.82,20.6,137.27,137.09,137.49,GGG,KLLKKLLKLL,50.41,-16.6,KLLKKLLKLLGLSGLGAGKNVC,No_preference,1,cdhit_meme,79.33
KIEEYT,Carpet,Carpet,FAM_086,117.77,116.8,22.1,142.61,141.41,141.12,AAA,KLLKKLLKLL,25.02,-42.66,KIEEYTKLLKKLLKLL,No_preference,1,cdhit_streme,79.83
AKRHHGY,Carpet,Carpet,FAM_008,126.32,114.86,22.2,140.36,138.52,138.64,GGG,KLLKKLLKLL,25.68,-46.27,AKRHHGYKLLKKLLKLL,No_preference,1,mmseqs_streme,80.67
XFCCGC,Carpet,Carpet,FAM_141,120.87,116.62,21.7,141.93,141.62,141.7,GGG,KLLKKLLKLL,26.47,-42.76,FCCGCKLLKKLLKLL,No_preference,1,mmseqs_meme,81.33
GNVTLL,Carpet,Carpet,FAM_063,138.69,108.4,28.7,139.51,141.94,143.01,No_linker,KLLKKLLKLL,14.77,-63.36,KLLKKLLKLLGNVTLL,No_preference,1,cdhit_streme,81.67
GGGSGV,Carpet,Carpet,FAM_055,101.94,127.38,14.5,145.85,144.0,145.0,GGG,KLLKKLLKLL,30.11,-29.65,GGGSGVKLLKKLLKLL,No_preference,1,mmseqs_streme,82.0
CCSRYGRC,Carpet,Carpet,FAM_016,131.74,109.72,23.3,135.28,136.29,136.69,No_linker,KLLKKLLKLL,34.16,-40.5,CCSRYGRCKLLKKLLKLL,Position_1,1,mmseqs_meme,82.0
CIYGTCR,Carpet,Carpet,FAM_010,130.28,115.11,21.6,139.97,139.67,140.73,GGG,KLLKKLLKLL,36.54,-37.39,CIYGTCRKLLKKLLKLL,Position_1,1,cdhit_streme,86.67
MAEILK,Pore,Barrel_stave,FAM_105,133.64,110.2,26.8,139.73,141.03,140.73,No_linker,KLLKKLLKLL,26.2,-49.41,KLLKKLLKLLMAEILK,No_preference,1,mmseqs_streme,86.67
AGPAVGVI,Carpet,Carpet,FAM_004,109.87,125.85,15.2,144.98,143.18,143.77,GGG,KLLKKLLKLL,40.48,-23.24,KLLKKLLKLLAGPAVGVI,Position_2,1,cdhit_streme,87.33
GPAVAVV,Carpet,Carpet,FAM_004,103.35,126.73,14.7,145.36,143.2,144.13,GGG,KLLKKLLKLL,47.22,-13.25,GPAVAVVKLLKKLLKLL,No_preference,1,mmseqs_streme,88.0
EIMNSA,Carpet,Carpet,FAM_036,115.93,127.62,15.3,147.15,143.56,144.72,GGG,KLLKKLLKLL,29.14,-37.62,EIMNSAKLLKKLLKLL,Position_1,1,mmseqs_streme,88.67
GSVTGG,Carpet,Carpet,FAM_065,116.58,128.1,13.3,145.14,143.53,144.18,GGG,KLLKKLLKLL,36.24,-30.84,GSVTGGKLLKKLLKLL,No_preference,1,mmseqs_streme,89.33
YGNGVY,Carpet,Carpet,FAM_142,128.76,122.27,16.6,142.57,141.12,142.73,GGG,KLLKKLLKLL,39.84,-33.33,YGNGVYKLLKKLLKLL,No_preference,1,mmseqs_streme,91.33
EEVEELEEEELEE,Carpet,Carpet,FAM_033,131.54,125.49,11.3,139.67,139.02,140.2,GGG,KLLKKLLKLL,58.83,-15.73,KLLKKLLKLLEEVEELEEEELEE,No_preference,1,mmseqs_meme,92.67
KKRKRRR,Carpet,Carpet,FAM_084,58.91,,,,,,,,,,,No_preference,1,cdhit_meme,93.0
MDTLKKS,Pore,Toroidal_pore,FAM_107,129.59,120.83,18.6,143.3,141.76,142.09,GGG,KLLKKLLKLL,37.78,-35.81,KLLKKLLKLLMDTLKKS,No_preference,1,mmseqs_streme,93.67
GYGGGGGGGGGGGGGGG,Carpet,Carpet,FAM_056,131.23,124.15,10.8,137.56,136.62,137.71,GGG,FFKKIKKKIKKIGK,76.01,-7.62,FFKKIKKKIKKIGKGYGGGGGGGGGGGGGGG,No_preference,1,cdhit_meme,94.0
WRWWWR,Carpet,Carpet,FAM_137,60.84,,,,,,,,,,,No_preference,1,mmseqs_meme,94.0
GYGGYGGGPYGGGGGPGGGG,Carpet,Carpet,FAM_056,131.61,126.04,8.9,137.26,136.63,137.35,GGG,FLGAJLKLAAKVLPKIICKI,81.36,-30.9,FLGALKLAAKVLPKIICKIGYGGYGGGPYGGGGGPGGGG,No_preference,1,mmseqs_meme,95.0
PIGASCRDDSE,Carpet,Carpet,FAM_116,120.32,136.47,4.5,142.61,141.28,141.89,GGG,FLGAJLKLAAKVLPKIICKI,98.78,-7.84,FLGALKLAAKVLPKIICKIPIGASCRDDSE,No_preference,1,mmseqs_streme,96.83
FIGAIA,Pore,Toroidal_pore,FAM_048,75.52,,,,,,,,,,,No_preference,1,mmseqs_streme,97.0
SIPPIC,Pore,Toroidal_pore,FAM_128,84.78,,,,,,,,,,,No_preference,1,mmseqs_streme,98.0
FAKLLA,Pore,Toroidal_pore,FAM_046,84.88,,,,,,,,,,,No_preference,1,mmseqs_streme,98.33
RTCESQS,Carpet,Carpet,FAM_125,130.11,129.38,10.7,143.22,140.82,141.32,GGG,FFKKIKKKIKKIGK,61.05,-22.02,RTCESQSFFKKIKKKIKKIGK,No_preference,1,mmseqs_streme,99.33
AITKKC,Carpet,Carpet,FAM_006,87.7,,,,,,,,,,,No_preference,1,cdhit_streme,99.33
AVAQQG,Carpet,Carpet,FAM_013,126.24,130.94,11.3,145.74,143.67,144.26,GGG,KLLKKLLKLL,51.79,-20.12,AVAQQGKLLKKLLKLL,No_preference,1,mmseqs_streme,100.0
EVGMDVVRT,Carpet,Carpet,FAM_043,132.19,128.42,10.9,142.42,141.1,142.77,GGG,KLLKKLLKLL,72.23,-2.66,EVGMDVVRTKLLKKLLKLL,No_preference,1,cdhit_streme,102.0
NVEKRV,Pore,Toroidal_pore,FAM_112,101.81,,,,,,,,,,,No_preference,1,mmseqs_streme,102.33
PPGFPPPP,Carpet,Carpet,FAM_117,137.69,125.63,12.9,141.84,140.64,141.1,GGG,KLLKKLLKLL,57.07,-20.56,KLLKKLLKLLPPGFPPPP,Position_2,1,mmseqs_streme,102.67
IPCVTV,Carpet,Carpet,FAM_077,134.94,122.39,18.4,144.91,144.8,145.17,GGG,KLLKKLLKLL,39.76,-36.5,IPCVTVKLLKKLLKLL,No_preference,1,mmseqs_streme,102.83
GGEVTEEE,Pore,Toroidal_pore,FAM_053,132.75,133.04,7.0,142.35,141.22,141.71,GGG,KLLKKLLKLL,82.59,7.43,KLLKKLLKLLGGEVTEEE,Position_1,1,mmseqs_streme,103.67
CXTDEDCPKVC,Pore,Toroidal_pore,FAM_017,137.51,127.4,10.0,140.14,140.06,140.21,GGG,FFKKIKKKIKKIGK,80.45,-6.32,CTDEDCPKVCFFKKIKKKIKKIGK,No_preference,1,cdhit_meme,104.33
AAAAAVAGAAAG,Pore,Barrel_stave,FAM_001,133.1,127.17,12.6,143.19,142.47,142.52,GGG,RRRRWRR,63.17,-30.52,RRRRWRRAAAAAVAGAAAG,Position_2,1,cdhit_meme,104.67
CGETCVLI,Carpet,Carpet,FAM_019,138.93,122.75,15.9,142.27,141.41,142.37,GGG,KKLFKKKK,58.3,-40.01,KKLFKKKKCGETCVLI,No_preference,1,mmseqs_meme,105.33
ELIVHQR,Carpet,Carpet,FAM_042,139.21,119.61,19.5,142.93,140.59,141.3,GGG,KLLKKLLKLL,42.54,-35.85,KLLKKLLKLLELIVHQR,No_preference,1,mmseqs_streme,106.0
EINNYT,Carpet,Carpet,FAM_037,135.01,128.41,13.7,146.0,142.73,143.74,GGG,KLLKKLLKLL,42.09,-34.2,EINNYTKLLKKLLKLL,No_preference,1,mmseqs_streme,107.0
ATGGNAGW,Carpet,Carpet,FAM_012,135.44,124.59,16.7,145.4,143.39,144.04,GGG,KLLKKLLKLL,44.2,-32.31,ATGGNAGWKLLKKLLKLL,Position_2,1,mmseqs_streme,107.33
JLDAJKNLAK,Pore,Toroidal_pore,FAM_201,114.82,,,,,,,,,,,No_preference,1,mmseqs_meme,108.0
FVYVLIJFLSLFLVVTNGSA,Pore,Toroidal_pore,FAM_203,140.08,121.94,17.0,142.67,140.92,141.26,GGG,FFKKIKKKIKKIGK,54.8,-33.26,FFKKIKKKIKKIGKFVYVLIFLSLFLVVTNGSA,No_preference,1,mmseqs_meme,108.0
VAPFPEV,Carpet,Carpet,FAM_133,136.93,130.59,10.8,144.69,142.36,142.62,GGG,KLLKKLLKLL,62.59,-14.67,KLLKKLLKLLVAPFPEV,Position_2,1,mmseqs_streme,110.0
DVLEKAKKLADSPEAKE,Carpet,Carpet,FAM_028,137.18,130.27,10.2,143.56,141.43,142.48,GGG,FLGAJLKLAAKVLPKIICKI,71.09,-43.96,FLGALKLAAKVLPKIICKIDVLEKAKKLADSPEAKE,No_preference,1,mmseqs_meme,110.0
EERBADEE,Pore,Toroidal_pore,FAM_032,135.37,133.81,7.5,143.85,141.12,141.86,GGG,FFKKIKKKIKKIGK,80.89,-4.81,EERADEEFFKKIKKKIKKIGK,Position_1,1,mmseqs_streme,110.33
CPPGTA,Carpet,Carpet,FAM_021,136.33,134.12,8.0,144.85,142.82,143.7,GGG,KLLKKLLKLL,71.97,-4.98,CPPGTAKLLKKLLKLL,Position_1,1,mmseqs_streme,110.33
HGQHGVH,Carpet,Carpet,FAM_070,137.3,130.08,11.4,144.91,141.87,143.23,GGG,KLLKKLLKLL,62.44,-15.0,HGQHGVHKLLKKLLKLL,No_preference,1,mmseqs_streme,111.17
TISLSLCE,Pore,Barrel_stave,FAM_131,138.99,126.23,13.8,143.65,142.5,143.42,GGG,FFKKIKKKIKKIGK,62.31,-25.2,FFKKIKKKIKKIGKTISLSLCE,No_preference,1,mmseqs_streme,111.67
PVADHQ,Carpet,Carpet,FAM_118,136.75,137.33,4.5,143.51,141.83,142.23,GGG,FLGAJLKLAAKVLPKIICKI,99.93,-14.9,FLGALKLAAKVLPKIICKIPVADHQ,No_preference,1,mmseqs_streme,112.0
TLHLVLRL,Carpet,Carpet,FAM_132,120.22,,,,,,,,,,,No_preference,1,mmseqs_streme,112.33
LLDTIKNVGKNVAGGL,Carpet,Carpet,FAM_208,125.2,,,,,,,,,,,No_preference,1,cdhit_meme,113.67
MTPFLRGV,Pore,Toroidal_pore,FAM_109,125.59,,,,,,,,,,,No_preference,1,mmseqs_streme,114.0
CWKGKGKC,Pore,Toroidal_pore,FAM_025,126.8,,,,,,,,,,,No_preference,1,cdhit_meme,115.67
SEEKRG,Pore,Toroidal_pore,FAM_126,127.86,,,,,,,,,,,No_preference,1,mmseqs_streme,116.0
CKTDADC,Carpet,Carpet,FAM_017,128.95,,,,,,,,,,,No_preference,1,mmseqs_meme,116.67
VVAATY,Carpet,Carpet,FAM_093,130.46,,,,,,,,,,,No_preference,1,cdhit_streme,118.33
DSDCPK,Carpet,Carpet,FAM_017,131.33,,,,,,,,,,,No_preference,1,mmseqs_streme,119.0
NYWILEY,Pore,Toroidal_pore,FAM_114,132.11,,,,,,,,,,,No_preference,1,cdhit_streme,120.33
GIGCPT,Ambiguous,Ambiguous,FAM_059,132.79,,,,,,,,,,,No_preference,1,mmseqs_streme,121.33
YGNGVYCNKKKC,Pore,Toroidal_pore,FAM_143,134.07,,,,,,,,,,,No_preference,1,cdhit_meme,122.33
CGEHCVKI,Pore,Toroidal_pore,FAM_019,138.18,,,,,,,,,,,No_preference,1,cdhit_meme,127.0
CSWPVC,Carpet,Carpet,FAM_024,139.65,,,,,,,,,,,No_preference,1,cdhit_meme,128.67
