Motif,Mechanism_2cat,Mechanism_3cat,Family_ID,MIC_individual,MIC_mean_in_comb,CV_in_comb,Score_nolinker,Score_GGG,Score_AAA,Best_linker,Best_partner_motif,Best_combo_MIC,Best_combo_delta,Best_combo_sequence,Order_preference,Order_delta,Rank_MIC_individual,Rank_Score_nolinker,Rank_Best_combo_MIC,Composite_rank,n_pipelines,Pipelines_str,in_cdhit_meme,in_cdhit_streme,in_mmseqs_meme,in_mmseqs_streme,Seq_clean,Cluster,Cluster_c
KLLKKLLKLL,Carpet,Carpet,FAM_101,17.58,34.55,77.4,61.29,73.56,70.06,No_linker,KLLKKLLK,5.04,-17.86,KLLKKLLKKLLKKLLKLL,No_preference,,1.0,1.0,1.5,1.17,1,mmseqs_meme,False,False,True,False,KLLKKLLKLL,3,3
ARLLRRLAR,Carpet,Carpet,FAM_009,43.03,62.63,57.1,98.39,104.28,102.78,No_linker,KLLKKLLKLL,5.42,-24.89,KLLKKLLKLLARLLRRLAR,No_preference,,12.0,12.0,4.0,9.33,1,mmseqs_streme,False,False,False,True,ARLLRRLAR,10,10
WKKJKKLAKK,Carpet,Carpet,FAM_137,17.59,59.43,52.6,90.69,96.25,90.0,AAA,LGLLGKLL,9.5,-25.44,WKKKKLAKKLGLLGKLL,No_preference,,2.0,6.0,25.0,11.0,1,mmseqs_meme,False,False,True,False,WKKKKLAKK,2,2
FFKKIKKKIKKIGK,Carpet,Carpet,FAM_202,36.04,51.18,44.9,74.16,83.97,79.75,No_linker,RRWWCL,16.74,-54.39,RRWWCLFFKKIKKKIKKIGK,No_preference,,9.0,2.0,49.0,20.0,1,mmseqs_meme,False,False,True,False,FFKKIKKKIKKIGK,1,1
RKKWFW,Pore,Toroidal_pore,FAM_121,69.44,65.84,57.3,103.57,111.78,101.69,AAA,LKLLLKL,8.2,-37.3,RKKWFWLKLLLKL,Position_1,-13.29,36.0,15.0,15.5,22.17,1,mmseqs_meme,False,False,True,False,RKKWFW,8,8
WWWRWV,Pore,Toroidal_pore,FAM_140,59.35,74.75,53.4,114.67,125.13,118.54,No_linker,KLLKKLLK,8.74,-35.05,KLLKKLLKWWWRWV,No_preference,,29.0,25.0,18.0,24.0,1,cdhit_meme,True,False,False,False,WWWRWV,6,6
FLPILKGLLKGL,Carpet,Carpet,FAM_102,63.84,59.77,52.1,90.91,98.81,96.72,No_linker,KLLKKLLK,11.41,-34.63,KLLKKLLKFLPILKGLLKGL,Position_2,10.97,32.0,7.0,33.0,24.0,1,mmseqs_streme,False,False,False,True,FLPILKGLLKGL,5,5
IRVAVIR,Carpet,Carpet,FAM_078,69.77,76.82,51.2,116.15,122.85,120.99,No_linker,KLLKKLLKLL,6.7,-36.98,IRVAVIRKLLKKLLKLL,No_preference,,37.0,26.0,10.0,24.33,1,mmseqs_meme,False,False,True,False,IRVAVIR,7,7
KHFIHRF,Carpet,Carpet,FAM_049,43.42,77.65,45.5,112.98,118.33,112.87,AAA,KLLKKLLKLL,14.74,-15.76,KLLKKLLKLLKHFIHRF,No_preference,,13.0,24.0,43.0,26.67,1,mmseqs_streme,False,False,False,True,KHFIHRF,9,9
NLKAJAA,Carpet,Carpet,FAM_110,47.36,109.01,31.0,142.8,140.11,137.7,AAA,KLLKKLLKLL,10.58,-21.89,NLKAAAKLLKKLLKLL,No_preference,,20.0,93.0,31.0,48.0,1,mmseqs_streme,False,False,False,True,NLKAAA,4,4
